,root:Young,Unknown
C018,0.4970702,0.5029298
C054,0.5330451,0.4669549
K316,0.5330451,0.4669549
C007,0.4970702,0.5029298
K105,0.5330451,0.4669549
K113,0.4970702,0.5029298
C003,0.4970702,0.5029298
K108,0.4970702,0.5029298
C002,0.5330451,0.4669549
K100,0.4970702,0.5029298
K301,0.4970702,0.5029298
