,root:Elder,root:Young
K105,0.027382698,0.97261727
C002,0.027382698,0.97261727
K124,0.027382698,0.97261727
K113,0.53375167,0.46624827
C011,0.08649556,0.9135044
K316,0.029844707,0.9701553
C054,0.027382698,0.97261727
C007,0.027382698,0.97261727
K125,0.027398203,0.97260183
K108,0.027382698,0.97261727
