SampleID,Env,Contribution
K105,Elder,0.027382698
C002,Elder,0.027382698
K124,Elder,0.027382698
K113,Elder,0.53375167
C011,Elder,0.08649556
K316,Elder,0.029844707
C054,Elder,0.027382698
C007,Elder,0.027382698
K125,Elder,0.027398203
K108,Elder,0.027382698
K105,Young,0.97261727
C002,Young,0.97261727
K124,Young,0.97261727
K113,Young,0.46624827
C011,Young,0.9135044
K316,Young,0.9701553
C054,Young,0.97261727
C007,Young,0.97261727
K125,Young,0.97260183
K108,Young,0.97261727
