SampleID,Env,Contribution
K105,Elder,0.0878776
C002,Elder,0.028642334
K124,Elder,0.08677342
K113,Elder,0.08781378
C011,Elder,0.037668254
K316,Elder,0.08983048
C054,Elder,0.0878776
C007,Elder,0.0878776
K125,Elder,0.09273472
K108,Elder,0.028642332
K105,Young,0.91212237
C002,Young,0.9713577
K124,Young,0.9132266
K113,Young,0.91218626
C011,Young,0.9623317
K316,Young,0.9101695
C054,Young,0.91212237
C007,Young,0.91212237
K125,Young,0.90726537
K108,Young,0.9713577
