,root:Young,Unknown
C018,0.48024222,0.51975775
C054,0.47668394,0.523316
K316,0.076342106,0.9236579
C007,0.47656578,0.5234342
K105,0.47668278,0.5233172
K113,0.18752512,0.81247485
C003,0.22780302,0.772197
K108,0.2450068,0.7549932
C002,0.076342106,0.9236579
K100,0.23735613,0.7626439
K301,0.48601723,0.5139828
