,root:Elder,root:Young
K105,0.0878776,0.91212237
C002,0.028642334,0.9713577
K124,0.08677342,0.9132266
K113,0.08781378,0.91218626
C011,0.037668254,0.9623317
K316,0.08983048,0.9101695
C054,0.0878776,0.91212237
C007,0.0878776,0.91212237
K125,0.09273472,0.90726537
K108,0.028642332,0.9713577
